Modelo,Accuracy,Precision,Recall,F1-score
Random Forest,0.9496472097498396,0.9505684928161229,0.9496472097498396,0.9495138439450456
Decision Tree,0.9057087876844131,0.9057878464055706,0.9057087876844131,0.9056394794172776
KNN,0.9156510583707504,0.9179014057983786,0.9156510583707504,0.9156611907709216
Logistic Regression,0.982360487491982,0.9825723892969506,0.982360487491982,0.9823368830108881
Naive Bayes,0.8242463117382938,0.8442849192111552,0.8242463117382938,0.8229290039858375
