Variavel,Importancia
acousticness,0.19520537075292255
energy,0.18623368596233855
instrumentalness,0.18199458096782128
valence,0.17479348181759846
danceability,0.1362165837421737
tempo,0.09174723389315188
speechiness,0.033809062863993565
